Anio;Mes;GasolinaSuper;GasolinaRegular;Diesel;Fechas;Super_Arima;Regular_Arima;Diesel_Arima;Super_SARIMAX;Regular_SARIMAX;Diesel_SARIMAX;Super_EXP;Regular_EXP;Diesel_EXP
2000;1;308156.82;202645.2;634667.06;1/01/2000;308156.82;202645.2;634667.06;308156.82;202645.2;634667.06;308156.82;202645.2;634667.06
2000;2;307766.31;205530.96;642380.66;1/02/2000;307766.31;205530.96;642380.66;307766.31;205530.959999999;642380.659999999;307766.31;205530.959999999;642380.659999999
2000;3;331910.29;229499.56;699807.25;1/03/2000;331910.29;229499.56;699807.25;331910.289999999;229499.56;699807.25;331910.289999999;229499.56;699807.25
2000;4;315648.08;210680.4;586803.98;1/04/2000;315648.08;210680.4;586803.98;315648.08;210680.399999999;586803.98;315648.08;210680.399999999;586803.98
2000;5;319667.97;208164.34;656948.2;1/05/2000;319667.97;208164.34;656948.2;319667.97;208164.34;656948.2;319667.97;208164.34;656948.2
2000;6;300347.7;195088.74;570919.88;1/06/2000;300347.7;195088.74;570919.88;300347.7;195088.739999999;570919.88;300347.7;195088.739999999;570919.88
2000;7;308305.93;204556.77;576436.02;1/07/2000;308305.93;204556.77;576436.02;308305.93;204556.77;576436.02;308305.93;204556.77;576436.02
2000;8;323011.86;218388.51;593770.77;1/08/2000;323011.86;218388.51;593770.77;323011.86;218388.509999999;593770.77;323011.86;218388.509999999;593770.77
2000;9;326455.72;213906.96;590145.4;1/09/2000;326455.72;213906.96;590145.4;326455.719999999;213906.959999999;590145.399999999;326455.719999999;213906.959999999;590145.399999999
2000;10;323843.63;213606.65;641113.36;1/10/2000;323843.63;213606.65;641113.36;323843.629999999;213606.649999999;641113.36;323843.629999999;213606.649999999;641113.36
2000;11;320788.08;209227.48;657086.3;1/11/2000;320788.08;209227.48;657086.3;320788.08;209227.479999999;657086.299999999;320788.08;209227.479999999;657086.299999999
2000;12;366987.56;230020.7;673282.26;1/12/2000;366987.56;230020.7;673282.26;366987.56;230020.7;673282.26;366987.56;230020.7;673282.26
2001;1;373963.96;177776.5;566101.99;1/01/2001;373963.96;177776.5;566101.99;373963.959999999;177776.5;566101.989999999;373963.959999999;177776.5;566101.989999999
2001;2;243091.07;123115.99;489525.8;1/02/2001;243091.07;123115.99;489525.8;243091.07;123115.99;489525.799999999;243091.07;123115.99;489525.799999999
2001;3;312084.38;161726.42;575559.68;1/03/2001;312084.38;161726.42;575559.68;312084.38;161726.419999999;575559.679999999;312084.38;161726.419999999;575559.679999999
2001;4;285054.89;127338.74;437745.42;1/04/2001;285054.89;127338.74;437745.42;285054.889999999;127338.74;437745.42;285054.889999999;127338.74;437745.42
2001;5;300913.67;168730.19;552609.13;1/05/2001;300913.67;168730.19;552609.13;300913.669999999;168730.19;552609.129999999;300913.669999999;168730.19;552609.129999999
2001;6;333217.19;152899.09;497855.26;1/06/2001;333217.19;152899.09;497855.26;333217.189999999;152899.089999999;497855.259999999;333217.189999999;152899.089999999;497855.259999999
2001;7;195071.86;136299.13;302350.02;1/07/2001;195071.86;136299.13;302350.02;195071.859999999;136299.13;302350.02;195071.859999999;136299.13;302350.02
2001;8;268153.26;139365.07;464159.13;1/08/2001;268153.26;139365.07;464159.13;268153.259999999;139365.07;464159.13;268153.259999999;139365.07;464159.13
2001;9;308439.07;233643.75;321952.94;1/09/2001;308439.07;233643.75;321952.94;308439.07;233643.75;321952.939999999;308439.07;233643.75;321952.939999999
2001;10;305102.28;141550.22;438989.55;1/10/2001;305102.28;141550.22;438989.55;305102.279999999;141550.219999999;438989.549999999;305102.279999999;141550.219999999;438989.549999999
2001;11;256638.19;165841.46;440245.35;1/11/2001;256638.19;165841.46;440245.35;256638.19;165841.459999999;440245.35;256638.19;165841.459999999;440245.35
2001;12;277145.05;149217.67;479983.27;1/12/2001;277145.05;149217.67;479983.27;277145.05;149217.67;479983.27;277145.05;149217.67;479983.27
2002;1;271479;178585.93;500041.32;1/01/2002;271479;178585.93;500041.32;271478.999999999;178585.93;500041.319999999;271478.999999999;178585.93;500041.319999999
2002;2;365657.75;144447.25;686923.83;1/02/2002;365657.75;144447.25;686923.83;365657.75;144447.25;686923.829999999;365657.75;144447.25;686923.829999999
2002;3;246292.6;104673.64;432538.46;1/03/2002;246292.6;104673.64;432538.46;246292.599999999;104673.64;432538.46;246292.599999999;104673.64;432538.46
2002;4;310256.3;190339;424667.36;1/04/2002;310256.3;190339;424667.36;310256.3;190339;424667.359999999;310256.3;190339;424667.359999999
2002;5;363311.76;194830.1;497781.66;1/05/2002;363311.76;194830.1;497781.66;363311.759999999;194830.1;497781.659999999;363311.759999999;194830.1;497781.659999999
2002;6;250123.19;137050.8;496826.62;1/06/2002;250123.19;137050.8;496826.62;250123.189999999;137050.8;496826.62;250123.189999999;137050.8;496826.62
2002;7;428842.8;222408;636727.84;1/07/2002;428842.8;222408;636727.84;428842.8;222407.999999999;636727.84;428842.8;222407.999999999;636727.84
2002;8;298280.33;143795;346225;1/08/2002;298280.33;143795;346225;298280.33;143795;346224.999999999;298280.33;143795;346224.999999999
2002;9;331053.7;156956.9;638933.22;1/09/2002;331053.7;156956.9;638933.22;331053.699999999;156956.899999999;638933.22;331053.699999999;156956.899999999;638933.22
2002;10;352055.5;195426.8;703749.81;1/10/2002;352055.5;195426.8;703749.81;352055.499999999;195426.799999999;703749.81;352055.499999999;195426.799999999;703749.81
2002;11;291188.76;153185.7;573289.5;1/11/2002;291188.76;153185.7;573289.5;291188.76;153185.7;573289.5;291188.76;153185.7;573289.5
2002;12;440677.81;167596.71;678749.64;1/12/2002;440677.81;167596.71;678749.64;440677.81;167596.709999999;678749.639999999;440677.81;167596.709999999;678749.639999999
2003;1;425185.5;228269.5;797344.38;1/01/2003;425185.5;228269.5;797344.38;425185.5;228269.5;797344.379999999;425185.5;228269.5;797344.379999999
2003;2;443849.85;214490.7;765912.659999999;1/02/2003;443849.85;214490.7;765912.659999999;443849.85;214490.699999999;765912.659999999;443849.85;214490.699999999;765912.659999999
2003;3;363352.66;161257.48;693942.31;1/03/2003;363352.66;161257.48;693942.31;363352.66;161257.479999999;693942.309999999;363352.66;161257.479999999;693942.309999999
2003;4;335444.69;189824.89;873103.1;1/04/2003;335444.69;189824.89;873103.1;335444.69;189824.889999999;873103.1;335444.69;189824.889999999;873103.1
2003;5;459025.69;269981.86;625190.08;1/05/2003;459025.69;269981.86;625190.08;459025.69;269981.859999999;625190.08;459025.69;269981.859999999;625190.08
2003;6;372486.53;182254.23;671882.83;1/06/2003;372486.53;182254.23;671882.83;372486.529999999;182254.229999999;671882.829999999;372486.529999999;182254.229999999;671882.829999999
2003;7;400922.97;133668.2;822014.55;1/07/2003;400922.97;133668.2;822014.55;400922.97;133668.2;822014.549999999;400922.97;133668.2;822014.549999999
2003;8;292365.04;169903.86;494087.13;1/08/2003;292365.04;169903.86;494087.13;292365.04;169903.859999999;494087.13;292365.04;169903.859999999;494087.13
2003;9;398192.16;177217.53;614913.68;1/09/2003;398192.16;177217.53;614913.68;398192.159999999;177217.53;614913.679999999;398192.159999999;177217.53;614913.679999999
2003;10;260219.92;181668.03;433084.99;1/10/2003;260219.92;181668.03;433084.99;260219.919999999;181668.03;433084.99;260219.919999999;181668.03;433084.99
2003;11;393951.96;205624.08;627189.78;1/11/2003;393951.96;205624.08;627189.78;393951.96;205624.08;627189.779999999;393951.96;205624.08;627189.779999999
2003;12;296780.15;161477.73;745524.88;1/12/2003;296780.15;161477.73;745524.88;296780.149999999;161477.729999999;745524.879999999;296780.149999999;161477.729999999;745524.879999999
2004;1;368235.14;173427.23;762385.45;1/01/2004;368235.14;173427.23;762385.45;368235.14;173427.23;762385.449999999;368235.14;173427.23;762385.449999999
2004;2;281891.97;147939.23;460947.5;1/02/2004;281891.97;147939.23;460947.5;281891.97;147939.229999999;460947.499999999;281891.97;147939.229999999;460947.499999999
2004;3;486880.82;275539.38;772128.26;1/03/2004;486880.82;275539.38;772128.26;486880.82;275539.38;772128.26;486880.82;275539.38;772128.26
2004;4;415426;245156.34;809194.95;1/04/2004;415426;245156.34;809194.95;415425.999999999;245156.339999999;809194.95;415425.999999999;245156.339999999;809194.95
2004;5;350052.95;178387.8;634209.64;1/05/2004;350052.95;178387.8;634209.64;350052.95;178387.8;634209.64;350052.95;178387.8;634209.64
2004;6;311238.01;133341;461381.79;1/06/2004;311238.01;133341;461381.79;311238.01;133340.999999999;461381.789999999;311238.01;133340.999999999;461381.789999999
2004;7;249710.69;152075.75;467154.31;1/07/2004;249710.69;152075.75;467154.31;249710.69;152075.75;467154.309999999;249710.69;152075.75;467154.309999999
2004;8;434578.12;208592.85;669462.53;1/08/2004;434578.12;208592.85;669462.53;434578.119999999;208592.85;669462.53;434578.119999999;208592.85;669462.53
2004;9;420550.29;218499.24;714039.85;1/09/2004;420550.29;218499.24;714039.85;420550.29;218499.239999999;714039.849999999;420550.29;218499.239999999;714039.849999999
2004;10;366886.3;201907.67;655715.05;1/10/2004;366886.3;201907.67;655715.05;366886.3;201907.669999999;655715.049999999;366886.3;201907.669999999;655715.049999999
2004;11;434710.94;215838.32;726697.879999999;1/11/2004;434710.94;215838.32;726697.879999999;434710.94;215838.32;726697.879999999;434710.94;215838.32;726697.879999999
2004;12;433149.96;227094.71;781266.61;1/12/2004;433149.96;227094.71;781266.61;433149.96;227094.71;781266.609999999;433149.96;227094.71;781266.609999999
2005;1;257867.99;202374.33;663058.79;1/01/2005;257867.99;202374.33;663058.79;257867.989999999;202374.33;663058.79;257867.989999999;202374.33;663058.79
2005;2;306660.39;178104.72;683664.39;1/02/2005;306660.39;178104.72;683664.39;306660.389999999;178104.72;683664.39;306660.389999999;178104.72;683664.39
2005;3;431907.81;217667.69;778645.07;1/03/2005;431907.81;217667.69;778645.07;431907.81;217667.69;778645.069999999;431907.81;217667.69;778645.069999999
2005;4;534151.810000001;234492.03;708164.74;1/04/2005;534151.810000001;234492.03;708164.74;534151.81;234492.029999999;708164.74;534151.81;234492.029999999;708164.74
2005;5;378616.3;192734.4;875087.619999999;1/05/2005;378616.3;192734.4;875087.619999999;378616.299999999;192734.4;875087.619999999;378616.299999999;192734.4;875087.619999999
2005;6;537398.43;243343.68;1041016.72;1/06/2005;537398.43;243343.68;1041016.72;537398.43;243343.68;1041016.71999999;537398.43;243343.68;1041016.71999999
2005;7;363410.9;175946.3;770731.74;1/07/2005;363410.9;175946.3;770731.74;363410.9;175946.3;770731.74;363410.9;175946.3;770731.74
2005;8;566618.55;173810.38;815435.199999999;1/08/2005;566618.55;173810.38;815435.199999999;566618.549999999;173810.379999999;815435.199999999;566618.549999999;173810.379999999;815435.199999999
2005;9;193484.5;81015.300000000;229764.74;1/09/2005;193484.5;81015.300000000;229764.74;193484.5;81015.3;229764.739999999;193484.5;81015.3;229764.739999999
2005;10;528877.09;145325.65;671848.94;1/10/2005;528877.09;145325.65;671848.94;528877.09;145325.649999999;671848.939999999;528877.09;145325.649999999;671848.939999999
2005;11;348687.81;266018.37;635553.46;1/11/2005;348687.81;266018.37;635553.46;348687.81;266018.369999999;635553.46;348687.81;266018.369999999;635553.46
2005;12;360807;107374;1212610.53;1/12/2005;360807;107374;1212610.53;360807;107374;1212610.53;360807;107374;1212610.53
2006;1;711860.77;348503.85;708730.84;1/01/2006;711860.77;348503.85;708730.84;711860.769999999;348503.849999999;708730.84;711860.769999999;348503.849999999;708730.84
2006;2;262170.9;145048.2;767710.63;1/02/2006;262170.9;145048.2;767710.63;262170.9;145048.2;767710.63;262170.9;145048.2;767710.63
2006;3;408065.34;285783.25;744721.940000001;1/03/2006;408065.34;285783.25;744721.940000001;408065.339999999;285783.25;744721.94;408065.339999999;285783.25;744721.94
2006;4;421300.82;238824.61;935306.58;1/04/2006;421300.82;238824.61;935306.58;421300.82;238824.61;935306.58;421300.82;238824.61;935306.58
2006;5;312024.7;134212.3;822556.45;1/05/2006;312024.7;134212.3;822556.45;312024.7;134212.3;822556.449999999;312024.7;134212.3;822556.449999999
2006;6;394014.85;211562.74;361207.59;1/06/2006;394014.85;211562.74;361207.59;394014.849999999;211562.739999999;361207.59;394014.849999999;211562.739999999;361207.59
2006;7;375951.16;180942.18;971716.72;1/07/2006;375951.16;180942.18;971716.72;375951.16;180942.179999999;971716.72;375951.16;180942.179999999;971716.72
2006;8;313326.86;147245.49;603747.33;1/08/2006;313326.86;147245.49;603747.33;313326.86;147245.49;603747.329999999;313326.86;147245.49;603747.329999999
2006;9;525623.15;366193.77;473431.31;1/09/2006;525623.15;366193.77;473431.31;525623.149999999;366193.769999999;473431.31;525623.149999999;366193.769999999;473431.31
2006;10;285505;153997.35;1220719.64;1/10/2006;285505;153997.35;1220719.64;285504.999999999;153997.349999999;1220719.63999999;285504.999999999;153997.349999999;1220719.63999999
2006;11;428590.5;171327.01;431874.86;1/11/2006;428590.5;171327.01;431874.86;428590.5;171327.009999999;431874.859999999;428590.5;171327.009999999;431874.859999999
2006;12;395132.09;234319.3;890336.68;1/12/2006;395132.09;234319.3;890336.68;395132.089999999;234319.299999999;890336.68;395132.089999999;234319.299999999;890336.68
2007;1;523730.31;289550.59;818060.57;1/01/2007;523730.31;289550.59;818060.57;523730.309999999;289550.59;818060.569999999;523730.309999999;289550.59;818060.569999999
2007;2;401855.41;299077.04;822325.65;1/02/2007;401855.41;299077.04;822325.65;401855.409999999;299077.039999999;822325.649999999;401855.409999999;299077.039999999;822325.649999999
2007;3;541817.85;326317.75;569451.85;1/03/2007;541817.85;326317.75;569451.85;541817.849999999;326317.749999999;569451.849999999;541817.849999999;326317.749999999;569451.849999999
2007;4;203441.33;94844.9;850138.11;1/04/2007;203441.33;94844.9;850138.11;203441.33;94844.9;850138.11;203441.33;94844.9;850138.11
2007;5;545587.63;238404.83;793887.04;1/05/2007;545587.63;238404.83;793887.04;545587.629999999;238404.83;793887.04;545587.629999999;238404.83;793887.04
2007;6;441537.39;170064.98;855757.140000001;1/06/2007;441537.39;170064.98;855757.140000001;441537.389999999;170064.98;855757.14;441537.389999999;170064.98;855757.14
2007;7;451180.82;227660.47;1118432.25;1/07/2007;451180.82;227660.47;1118432.25;451180.819999999;227660.469999999;1118432.24999999;451180.819999999;227660.469999999;1118432.24999999
2007;8;501840.27;351306.27;824047.47;1/08/2007;501840.27;351306.27;824047.47;501840.27;351306.269999999;824047.469999999;501840.27;351306.269999999;824047.469999999
2007;9;336120.81;181015.83;497008.84;1/09/2007;336120.81;181015.83;497008.84;336120.809999999;181015.83;497008.84;336120.809999999;181015.83;497008.84
2007;10;376377.75;312120.18;885924.86;1/10/2007;376377.75;312120.18;885924.86;376377.749999999;312120.18;885924.859999999;376377.749999999;312120.18;885924.859999999
2007;11;512550.51;289282.55;665114.83;1/11/2007;512550.51;289282.55;665114.83;512550.509999999;289282.549999999;665114.83;512550.509999999;289282.549999999;665114.83
2007;12;542916.97;222108.35;812776.59;1/12/2007;542916.97;222108.35;812776.59;542916.97;222108.349999999;812776.59;542916.97;222108.349999999;812776.59
2008;1;204788.3;107885.65;613819.329999999;1/01/2008;204788.3;107885.65;613819.329999999;204788.3;107885.649999999;613819.329999999;204788.3;107885.649999999;613819.329999999
2008;2;545139.83;234830.1;500922.23;1/02/2008;545139.83;234830.1;500922.23;545139.83;234830.099999999;500922.23;545139.83;234830.099999999;500922.23
2008;3;405713.48;241800.33;1095743.35;1/03/2008;405713.48;241800.33;1095743.35;405713.48;241800.33;1095743.34999999;405713.48;241800.33;1095743.34999999
2008;4;570256.98;271554.27;682042.07;1/04/2008;570256.98;271554.27;682042.07;570256.979999999;271554.269999999;682042.07;570256.979999999;271554.269999999;682042.07
2008;5;424954.88;242628.16;710464.759999999;1/05/2008;424954.88;242628.16;710464.759999999;424954.88;242628.16;710464.759999999;424954.88;242628.16;710464.759999999
2008;6;273398.73;177838.7;817804.84;1/06/2008;273398.73;177838.7;817804.84;273398.73;177838.699999999;817804.84;273398.73;177838.699999999;817804.84
2008;7;384549.7;232129.2;541486.15;1/07/2008;384549.7;232129.2;541486.15;384549.699999999;232129.2;541486.15;384549.699999999;232129.2;541486.15
2008;8;241881.47;138376.72;713650.52;1/08/2008;241881.47;138376.72;713650.52;241881.469999999;138376.719999999;713650.519999999;241881.469999999;138376.719999999;713650.519999999
2008;9;423244.17;290621.26;544521.54;1/09/2008;423244.17;290621.26;544521.54;423244.17;290621.26;544521.54;423244.17;290621.26;544521.54
2008;10;329762.3;358036.44;344273.02;1/10/2008;329762.3;358036.44;344273.02;329762.3;358036.44;344273.02;329762.3;358036.44;344273.02
2008;11;386365.05;170365.32;809439.42;1/11/2008;386365.05;170365.32;809439.42;386365.049999999;170365.32;809439.42;386365.049999999;170365.32;809439.42
2008;12;458949.42;238398.92;524038.42;1/12/2008;458949.42;238398.92;524038.42;458949.419999999;238398.92;524038.42;458949.419999999;238398.92;524038.42
2009;1;382300.56;202484.53;941535.71;1/01/2009;382300.56;202484.53;941535.71;382300.56;202484.53;941535.709999999;382300.56;202484.53;941535.709999999
2009;2;522820.81;588346.36;914059.399999999;1/02/2009;522820.81;588346.36;914059.399999999;522820.809999999;588346.36;914059.399999999;522820.809999999;588346.36;914059.399999999
2009;3;626630.99;298459.25;893473.8;1/03/2009;626630.99;298459.25;893473.8;626630.99;298459.25;893473.8;626630.99;298459.25;893473.8
2009;4;348267.66;182218.96;816840.019999999;1/04/2009;348267.66;182218.96;816840.019999999;348267.66;182218.959999999;816840.019999999;348267.66;182218.959999999;816840.019999999
2009;5;341700.48;377337.48;621339.93;1/05/2009;341700.48;377337.48;621339.93;341700.48;377337.479999999;621339.929999999;341700.48;377337.479999999;621339.929999999
2009;6;589337.79;363676.29;735260.509999999;1/06/2009;589337.79;363676.29;735260.509999999;589337.789999999;363676.289999999;735260.509999999;589337.789999999;363676.289999999;735260.509999999
2009;7;337172.65;363911.51;850806.89;1/07/2009;337172.65;363911.51;850806.89;337172.649999999;363911.51;850806.889999999;337172.649999999;363911.51;850806.889999999
2009;8;476525.36;210495.68;842742.170000001;1/08/2009;476525.36;210495.68;842742.170000001;476525.359999999;210495.68;842742.17;476525.359999999;210495.68;842742.17
2009;9;321728.95;161783.68;611966.22;1/09/2009;321728.95;161783.68;611966.22;321728.949999999;161783.679999999;611966.22;321728.949999999;161783.679999999;611966.22
2009;10;639524.61;375067.23;869366.31;1/10/2009;639524.61;375067.23;869366.31;639524.609999999;375067.229999999;869366.31;639524.609999999;375067.229999999;869366.31
2009;11;321859.44;201213.1;894309.88;1/11/2009;321859.44;201213.1;894309.88;321859.44;201213.1;894309.88;321859.44;201213.1;894309.88
2009;12;435416.18;291525.48;1144960.66;1/12/2009;435416.18;291525.48;1144960.66;435416.18;291525.48;1144960.65999999;435416.18;291525.48;1144960.65999999
2010;1;318949.72;173918.35;905803.65;1/01/2010;318949.72;173918.35;905803.65;318949.719999999;173918.35;905803.65;318949.719999999;173918.35;905803.65
2010;2;492452.55;336005.72;447271.92;1/02/2010;492452.55;336005.72;447271.92;492452.55;336005.719999999;447271.92;492452.55;336005.719999999;447271.92
2010;3;303762.94;157798.77;947702.88;1/03/2010;303762.94;157798.77;947702.88;303762.94;157798.77;947702.88;303762.94;157798.77;947702.88
2010;4;562996.07;433108.23;613011.21;1/04/2010;562996.07;433108.23;613011.21;562996.07;433108.23;613011.21;562996.07;433108.23;613011.21
2010;5;429729.38;279926.95;1086036.16;1/05/2010;429729.38;279926.95;1086036.16;429729.38;279926.949999999;1086036.16;429729.38;279926.949999999;1086036.16
2010;6;464310.8;281834.46;587828.26;1/06/2010;464310.8;281834.46;587828.26;464310.799999999;281834.46;587828.259999999;464310.799999999;281834.46;587828.259999999
2010;7;456588.39;241994.24;712889.930000001;1/07/2010;456588.39;241994.24;712889.930000001;456588.39;241994.239999999;712889.93;456588.39;241994.239999999;712889.93
2010;8;475714.12;282509.24;637252.29;1/08/2010;475714.12;282509.24;637252.29;475714.12;282509.239999999;637252.29;475714.12;282509.239999999;637252.29
2010;9;321134.56;208796.02;741721.42;1/09/2010;321134.56;208796.02;741721.42;321134.56;208796.019999999;741721.42;321134.56;208796.019999999;741721.42
2010;10;493794.29;392100.62;630692.56;1/10/2010;493794.29;392100.62;630692.56;493794.29;392100.62;630692.559999999;493794.29;392100.62;630692.559999999
2010;11;241062.76;139547.73;565627.540000001;1/11/2010;241062.76;139547.73;565627.540000001;241062.759999999;139547.73;565627.54;241062.759999999;139547.73;565627.54
2010;12;652210.77;430857.95;1135293.92;1/12/2010;652210.77;430857.95;1135293.92;652210.77;430857.949999999;1135293.92;652210.77;430857.949999999;1135293.92
2011;1;391997.54;253700.82;1033948.69;1/01/2011;391997.54;253700.82;1033948.69;391997.54;253700.82;1033948.69;391997.54;253700.82;1033948.69
2011;2;437769.48;343582.85;772775.579999999;1/02/2011;437769.48;343582.85;772775.579999999;437769.479999999;343582.85;772775.579999999;437769.479999999;343582.85;772775.579999999
2011;3;445920.27;291087.16;707536.31;1/03/2011;445920.27;291087.16;707536.31;445920.269999999;291087.159999999;707536.31;445920.269999999;291087.159999999;707536.31
2011;4;357349.67;326003.71;767445.36;1/04/2011;357349.67;326003.71;767445.36;357349.669999999;326003.709999999;767445.36;357349.669999999;326003.709999999;767445.36
2011;5;433038.13;326566.61;918940.44;1/05/2011;433038.13;326566.61;918940.44;433038.129999999;326566.609999999;918940.44;433038.129999999;326566.609999999;918940.44
2011;6;354604.94;230990.13;553883.42;1/06/2011;354604.94;230990.13;553883.42;354604.939999999;230990.13;553883.42;354604.939999999;230990.13;553883.42
2011;7;369694.76;188581.4;734958.539999999;1/07/2011;369694.76;188581.4;734958.539999999;369694.76;188581.4;734958.539999999;369694.76;188581.4;734958.539999999
2011;8;270765.31;201844.49;1014324.28;1/08/2011;270765.31;201844.49;1014324.28;270765.309999999;201844.489999999;1014324.28;270765.309999999;201844.489999999;1014324.28
2011;9;335803.82;260669.22;795554.710000001;1/09/2011;335803.82;260669.22;795554.710000001;335803.82;260669.22;795554.71;335803.82;260669.22;795554.71
2011;10;351555.66;239711.91;612133.26;1/10/2011;351555.66;239711.91;612133.26;351555.659999999;239711.909999999;612133.259999999;351555.659999999;239711.909999999;612133.259999999
2011;11;450212.8;237803.48;575406.48;1/11/2011;450212.8;237803.48;575406.48;450212.799999999;237803.48;575406.48;450212.799999999;237803.48;575406.48
2011;12;534925.36;367820.54;732921.03;1/12/2011;534925.36;367820.54;732921.03;534925.359999999;367820.54;732921.029999999;534925.359999999;367820.54;732921.029999999
2012;1;434648.17;318283.44;790123.23;1/01/2012;434648.17;318283.44;790123.23;434648.17;318283.439999999;790123.23;434648.17;318283.439999999;790123.23
2012;2;372893.49;253583.96;887963.98;1/02/2012;372893.49;253583.96;887963.98;372893.489999999;253583.959999999;887963.98;372893.489999999;253583.959999999;887963.98
2012;3;354160.85;255492.16;978693.29;1/03/2012;354160.85;255492.16;978693.29;354160.849999999;255492.159999999;978693.29;354160.849999999;255492.159999999;978693.29
2012;4;399701.69;189948.79;697871.28;1/04/2012;399701.69;189948.79;697871.28;399701.69;189948.79;697871.279999999;399701.69;189948.79;697871.279999999
2012;5;380531.85;241786.29;833370.09;1/05/2012;380531.85;241786.29;833370.09;380531.85;241786.289999999;833370.09;380531.85;241786.289999999;833370.09
2012;6;550379.33;320566.69;767124.649999999;1/06/2012;550379.33;320566.69;767124.649999999;550379.329999999;320566.689999999;767124.649999999;550379.329999999;320566.689999999;767124.649999999
2012;7;271509.2;142232.47;1021995.9;1/07/2012;271509.2;142232.47;1021995.9;271509.2;142232.47;1021995.89999999;271509.2;142232.47;1021995.89999999
2012;8;361307.2;263677.23;626706.23;1/08/2012;361307.2;263677.23;626706.23;361307.2;263677.23;626706.229999999;361307.2;263677.23;626706.229999999
2012;9;372989.29;201347.56;619651.27;1/09/2012;372989.29;201347.56;619651.27;372989.289999999;201347.56;619651.269999999;372989.289999999;201347.56;619651.269999999
2012;10;600094.03;374301.51;463054.77;1/10/2012;600094.03;374301.51;463054.77;600094.029999999;374301.509999999;463054.77;600094.029999999;374301.509999999;463054.77
2012;11;359818.54;197398.8;538552.89;1/11/2012;359818.54;197398.8;538552.89;359818.539999999;197398.8;538552.89;359818.539999999;197398.8;538552.89
2012;12;419029.17;287980.58;1324780.96;1/12/2012;419029.17;287980.58;1324780.96;419029.17;287980.58;1324780.95999999;419029.17;287980.58;1324780.95999999
2013;1;433924.69;396416.84;749266.68;1/01/2013;433924.69;396416.84;749266.68;433924.69;396416.84;749266.679999999;433924.69;396416.84;749266.679999999
2013;2;470483.98;235502.58;709843.02;1/02/2013;470483.98;235502.58;709843.02;470483.979999999;235502.579999999;709843.019999999;470483.979999999;235502.579999999;709843.019999999
2013;3;429974.17;439386.62;832627.570000001;1/03/2013;429974.17;439386.62;832627.570000001;429974.17;439386.619999999;832627.57;429974.17;439386.619999999;832627.57
2013;4;430259.18;274680.65;860094.78;1/04/2013;430259.18;274680.65;860094.78;430259.179999999;274680.649999999;860094.779999999;430259.179999999;274680.649999999;860094.779999999
2013;5;532379.66;281823.2;1202187.85;1/05/2013;532379.66;281823.2;1202187.85;532379.66;281823.199999999;1202187.85;532379.66;281823.199999999;1202187.85
2013;6;284038.03;293808.6;729711.88;1/06/2013;284038.03;293808.6;729711.88;284038.03;293808.6;729711.879999999;284038.03;293808.6;729711.879999999
2013;7;486075.06;259025.83;693160.5;1/07/2013;486075.06;259025.83;693160.5;486075.059999999;259025.829999999;693160.5;486075.059999999;259025.829999999;693160.5
2013;8;347066.11;221433.2;505133.44;1/08/2013;347066.11;221433.2;505133.44;347066.11;221433.199999999;505133.439999999;347066.11;221433.199999999;505133.439999999
2013;9;373303.31;300794.99;803626.98;1/09/2013;373303.31;300794.99;803626.98;373303.309999999;300794.99;803626.98;373303.309999999;300794.99;803626.98
2013;10;372946.33;281168.85;980327.979999999;1/10/2013;372946.33;281168.85;980327.979999999;372946.33;281168.849999999;980327.979999999;372946.33;281168.849999999;980327.979999999
2013;11;496029.72;390941.15;903218.470000001;1/11/2013;496029.72;390941.15;903218.470000001;496029.719999999;390941.149999999;903218.47;496029.719999999;390941.149999999;903218.47
2013;12;358799.64;210096.78;791698.89;1/12/2013;358799.64;210096.78;791698.89;358799.64;210096.779999999;791698.89;358799.64;210096.779999999;791698.89
2014;1;457365.46;487880.79;1595698.56;1/01/2014;457365.46;487880.79;1595698.56;457365.459999999;487880.79;1595698.56;457365.459999999;487880.79;1595698.56
2014;2;455726.06;312423.86;688703.18;1/02/2014;455726.06;312423.86;688703.18;455726.059999999;312423.86;688703.179999999;455726.059999999;312423.86;688703.179999999
2014;3;582572.93;472437.63;1147182.5;1/03/2014;582572.93;472437.63;1147182.5;582572.929999999;472437.629999999;1147182.49999999;582572.929999999;472437.629999999;1147182.49999999
2014;4;270302.22;207049;845051.330000001;1/04/2014;270302.22;207049;845051.330000001;270302.22;207048.999999999;845051.33;270302.22;207048.999999999;845051.33
2014;5;563319.79;417767.24;1008148.07;1/05/2014;563319.79;417767.24;1008148.07;563319.79;417767.24;1008148.06999999;563319.79;417767.24;1008148.06999999
2014;6;404603.55;247114.99;694920.680000001;1/06/2014;404603.55;247114.99;694920.680000001;404603.549999999;247114.989999999;694920.68;404603.549999999;247114.989999999;694920.68
2014;7;558403.41;454196.13;845875.860000001;1/07/2014;558403.41;454196.13;845875.860000001;558403.41;454196.13;845875.86;558403.41;454196.13;845875.86
2014;8;398563.48;305285.53;760353.37;1/08/2014;398563.48;305285.53;760353.37;398563.48;305285.529999999;760353.369999999;398563.48;305285.529999999;760353.369999999
2014;9;547486.22;378741.56;598145.89;1/09/2014;547486.22;378741.56;598145.89;547486.22;378741.559999999;598145.89;547486.22;378741.559999999;598145.89
2014;10;379572.07;256340.49;762763.240000001;1/10/2014;379572.07;256340.49;762763.240000001;379572.069999999;256340.489999999;762763.24;379572.069999999;256340.489999999;762763.24
2014;11;533524.4;372809.93;1033873.16;1/11/2014;533524.4;372809.93;1033873.16;533524.4;372809.929999999;1033873.15999999;533524.4;372809.929999999;1033873.15999999
2014;12;583081.57;491072.11;1004032.65;1/12/2014;583081.57;491072.11;1004032.65;583081.569999999;491072.109999999;1004032.65;583081.569999999;491072.109999999;1004032.65
2015;1;471973.3;371420.59;1324421.96;1/01/2015;471973.3;371420.59;1324421.96;471973.299999999;371420.59;1324421.95999999;471973.299999999;371420.59;1324421.95999999
2015;2;664315.85;548714.53;955286.02;1/02/2015;664315.85;548714.53;955286.02;664315.85;548714.529999999;955286.02;664315.85;548714.529999999;955286.02
2015;3;622883.1;453536.19;1164885.97;1/03/2015;622883.1;453536.19;1164885.97;622883.1;453536.19;1164885.96999999;622883.1;453536.19;1164885.96999999
2015;4;599558.55;537064.59;1130870.79;1/04/2015;599558.55;537064.59;1130870.79;599558.55;537064.589999999;1130870.78999999;599558.55;537064.589999999;1130870.78999999
2015;5;618319.209999999;534049.28;954782.750000001;1/05/2015;618319.209999999;534049.28;954782.750000001;618319.209999999;534049.28;954782.75;618319.209999999;534049.28;954782.75
2015;6;525280.85;394824.33;862071.77;1/06/2015;525280.85;394824.33;862071.77;525280.85;394824.33;862071.77;525280.85;394824.33;862071.77
2015;7;616269.01;519374.15;1149630.43;1/07/2015;616269.01;519374.15;1149630.43;616269.01;519374.149999999;1149630.43;616269.01;519374.149999999;1149630.43
2015;8;467373.13;328552.07;919285.9;1/08/2015;467373.13;328552.07;919285.9;467373.13;328552.07;919285.899999999;467373.13;328552.07;919285.899999999
2015;9;576250.29;485906.49;754068.770000001;1/09/2015;576250.29;485906.49;754068.770000001;576250.29;485906.489999999;754068.77;576250.29;485906.489999999;754068.77
2015;10;533620.64;432666.75;1163425.95;1/10/2015;533620.64;432666.75;1163425.95;533620.64;432666.75;1163425.95;533620.64;432666.75;1163425.95
2015;11;724273.970000001;574547.76;904700.420000001;1/11/2015;724273.970000001;574547.76;904700.420000001;724273.97;574547.759999999;904700.42;724273.97;574547.759999999;904700.42
2015;12;498798.79;319329.71;1113876.28;1/12/2015;498798.79;319329.71;1113876.28;498798.79;319329.709999999;1113876.27999999;498798.79;319329.709999999;1113876.27999999
2016;1;729211.43;546876.54;987507.779999999;1/01/2016;729211.43;546876.54;987507.779999999;729211.43;546876.54;987507.779999999;729211.43;546876.54;987507.779999999
2016;2;405559.45;424074.81;1167227.96;1/02/2016;405559.45;424074.81;1167227.96;405559.45;424074.81;1167227.95999999;405559.45;424074.81;1167227.95999999
2016;3;771024.11;508542.18;1498844.95;1/03/2016;771024.11;508542.18;1498844.95;771024.109999999;508542.179999999;1498844.95;771024.109999999;508542.179999999;1498844.95
2016;4;502728.88;527083.64;1137213.1;1/04/2016;502728.88;527083.64;1137213.1;502728.88;527083.64;1137213.1;502728.88;527083.64;1137213.1
2016;5;615900.31;528347.81;1035544.08;1/05/2016;615900.31;528347.81;1035544.08;615900.309999999;528347.81;1035544.07999999;615900.309999999;528347.81;1035544.07999999
2016;6;502082.45;397477.4;800222.529999999;1/06/2016;502082.45;397477.4;800222.529999999;502082.449999999;397477.4;800222.529999999;502082.449999999;397477.4;800222.529999999
2016;7;618366.1;526652.73;859222.619999999;1/07/2016;618366.1;526652.73;859222.619999999;618366.099999999;526652.729999999;859222.619999999;618366.099999999;526652.729999999;859222.619999999
2016;8;625218.9;512202.57;701185.749999999;1/08/2016;625218.9;512202.57;701185.749999999;625218.899999999;512202.57;701185.749999999;625218.899999999;512202.57;701185.749999999
2016;9;677892.97;567786.57;1274128.31;1/09/2016;677892.97;567786.57;1274128.31;677892.97;567786.569999999;1274128.31;677892.97;567786.569999999;1274128.31
2016;10;546154.65;455850.76;927923.5;1/10/2016;546154.65;455850.76;927923.5;546154.649999999;455850.759999999;927923.499999999;546154.649999999;455850.759999999;927923.499999999
2016;11;725548.16;476784.16;957656.050000001;1/11/2016;725548.16;476784.16;957656.050000001;725548.159999999;476784.16;957656.05;725548.159999999;476784.16;957656.05
2016;12;526573.96;473659.59;1303735.78;1/12/2016;526573.96;473659.59;1303735.78;526573.96;473659.589999999;1303735.78;526573.96;473659.589999999;1303735.78
2017;1;748233.58;527564.9;842993.489999999;1/01/2017;748233.58;527564.9;842993.489999999;748233.579999999;527564.9;842993.489999999;748233.579999999;527564.9;842993.489999999
2017;2;497707.41;469140.06;844676.98;1/02/2017;497707.41;469140.06;844676.98;497707.41;469140.06;844676.979999999;497707.41;469140.06;844676.979999999
2017;3;734984.24;608144.98;1351787.92;1/03/2017;734984.24;608144.98;1351787.92;734984.239999999;608144.98;1351787.91999999;734984.239999999;608144.98;1351787.91999999
2017;4;632843.41;681303.11;1406022.43;1/04/2017;632843.41;681303.11;1406022.43;632843.409999999;681303.11;1406022.43;632843.409999999;681303.11;1406022.43
2017;5;442311.09;386088.18;889926.86;1/05/2017;442311.09;386088.18;889926.86;442311.089999999;386088.179999999;889926.859999999;442311.089999999;386088.179999999;889926.859999999
2017;6;582374.34;519389.66;902659;1/06/2017;582374.34;519389.66;902659;582374.34;519389.66;902659;582374.34;519389.66;902659
2017;7;769214.060000001;433026.08;994338.300000001;1/07/2017;769214.060000001;433026.08;994338.300000001;769214.06;433026.079999999;994338.3;769214.06;433026.079999999;994338.3
2017;8;607368.72;592103.31;846696.350000001;1/08/2017;607368.72;592103.31;846696.350000001;607368.72;592103.309999999;846696.35;607368.72;592103.309999999;846696.35
2017;9;401678.98;316435.22;925397.870000001;1/09/2017;401678.98;316435.22;925397.870000001;401678.98;316435.219999999;925397.87;401678.98;316435.219999999;925397.87
2017;10;657241.76;574073.61;740198.57;1/10/2017;657241.76;574073.61;740198.57;657241.76;574073.609999999;740198.569999999;657241.76;574073.609999999;740198.569999999
2017;11;504247.31;434963.36;1135350.1;1/11/2017;570525.428104809;493204.425135804;830833.403768518;204457.04815827;108795.8311755;352008.12388256;304018.24147384;155654.93458283;514798.35439524
2017;12;803216.88;679441.47;1305047.55;1/12/2017;545253.716591705;475680.106963252;810925.047690844;344137.73685277;167748.7222398;613722.34957952;304868.39407195;156472.81665339;520247.70963041
2018;1;535784.7;571858.06;1153831.89;1/01/2018;543468.174083885;477667.455329072;831003.67624878;556003.35095008;261763.88174991;818904.37049553;302780.09594642;152548.20227985;512848.52471408
2018;2;629467.91;509366.1;921684.12;1/02/2018;556753.40170361;484565.557947497;824901.591061014;446662.61964196;206097.60640826;700523.94814855;302583.37890984;154728.05724331;516414.43872948
2018;3;529507.15;563899.06;889227.1;1/03/2018;547729.597982489;482257.927271012;824751.268665505;379958.09369233;194259.73826741;693770.85813687;305812.11270903;154481.67939454;514749.96619266
2018;4;617512.28;510830;696962.77;1/04/2018;555318.144262137;486694.833966867;828434.272812787;417348.14048662;195809.30948405;583917.57505152;294140.3427226;152032.33131496;495700.96179366
2018;5;580329.35;580825.11;1592580.34;1/05/2018;554187.194442335;487611.382396239;827662.914845531;469386.99291072;246551.81749617;778945.47736229;291401.36349205;150325.94067071;492872.14519856
2018;6;558257.59;463620.61;777679.91;1/06/2018;556018.447256039;489873.942091127;828805.490579369;429240.30854656;221373.95313107;624934.61915294;293197.09888719;161549.57668828;477543.32449939
2018;7;784601.77;543333.77;793683.41;1/07/2018;557856.278557465;491860.442423954;829977.61169558;347356.18561606;221843.86748246;557770.64554342;294451.87781533;158855.48881125;474085.6446214
2018;8;541557.34;663834.04;1281364.78;1/08/2018;558712.29153889;493745.442928058;830548.504317879;362839.87032088;194432.32307161;533951.06223382;290466.40138989;159796.5600958;471050.69130497
2018;9;536897.09;454442.87;896266.43;1/09/2018;560515.659344104;495788.477872607;831525.780036427;445680.80779566;272414.14571209;658168.32921007;289062.36134548;158371.49127965;471851.80605997
2018;10;663440.34;726044.35;992682.04;1/10/2018;561726.149568803;497720.08723732;832404.766013902;412766.77767188;219520.15578062;621158.99961574;287209.11517535;161094.55258339;474379.97136639
2018;11;509382.86;534084.49;899588.34;1/11/2018;563198.049623909;499708.34883953;833228.329655907;319584.908674;204323.68482897;610500.36374866;295477.42230869;158852.01564712;493441.88249521
2018;12;631652.56;535639.97;792198.66;1/12/2018;564612.374168511;501675.681076762;834120.008725816;362629.90535551;190597.18576141;582272.64121288;290293.45425041;151553.71564161;487979.78335714
2019;1;684504.84;702923.37;1195728.2;1/01/2019;565996.297747144;503646.820925886;834981.450234771;407128.45159869;231960.24517892;668017.56100193;292397.49264804;156778.43191753;482301.63393827
2019;2;521555.38;469437.28;1208476.16;1/02/2019;567428.581915395;505619.95980333;835843.110034104;413544.3603703;216116.8703296;672695.66291175;299871.6946391;161904.32367893;483689.95389707
2019;3;704276.53;678145.38;1550052.84;1/03/2019;568824.107397341;507590.39907313;836713.795161598;357158.60652604;188834.68392258;574642.9263717;294628.3157492;158556.33714674;484868.11055327
2019;4;656495.95;867761.34;1215209.05;1/04/2019;570239.25718851;509562.674567978;837578.179040091;316902.63484538;188051.6493975;580323.71268961;308774.21618468;167157.7133561;498487.58977685
2019;5;568128.41;596798.22;1011872.87;1/05/2019;571647.532889172;511534.040616346;838444.177138726;461507.47549477;267494.9518001;642020.62184733;307668.18452216;164010.55198445;484831.98018535
2019;6;629788.43;712731.8;1029100.9;1/06/2019;573055.994250891;513505.730612137;839310.97230608;406122.33328412;193969.82407925;677599.95093452;310132.96450048;163060.36350608;498652.48837163
2019;7;516273.85;531577.64;1056569.11;1/07/2019;574466.539703675;515477.36992767;840176.726967071;371168.38217248;192320.80603021;639805.33516223;314551.50409768;167420.40495842;517046.55980128
2019;8;713859.98;896841.31;1167556.89;1/08/2019;575875.008483796;517448.971138637;841042.958560576;371398.36275469;205049.75303598;580467.59873435;312089.12417087;165502.86597657;522090.68544473
2019;9;491194.71;518043.68;717490.02;1/09/2019;577284.799330608;519420.618259335;841909.176433147;400511.1152117;226678.02431667;726175.91592837;325642.07828773;165784.92503916;536140.58125665
2019;10;691407.73;712672.38;1160570.85;1/10/2019;578693.995450835;521392.235194224;842775.259050876;435447.68342741;203189.32286357;772749.20374333;336133.72783218;174202.14257907;559566.53969256
2019;11;658706.42;791039.02;1122990.69;1/11/2019;580103.331376088;523363.866691683;843641.439271132;401350.14875771;209214.96641954;719304.45831994;347486.76135898;179629.36285533;578072.6091333
2019;12;797580.75;731012.24;1098972.39;1/12/2019;581512.727939289;525335.493200354;844507.59310974;438015.91135575;209337.0401404;689551.06377744;349158.99087838;177154.50990629;588464.3370084
2020;1;573220.63;629414.9;999181.2;1/01/2020;582922.019821313;527307.120348335;845373.735554452;477455.89896809;238770.62962794;845887.3231163;347713.53485438;178861.32067725;613992.0508593
2020;2;611314.13;741509.07;1237018.37;1/02/2020;584331.392972861;529278.748205632;846239.893876441;439310.8753508;220816.98898127;838604.25337061;359445.58205285;191136.05251809;614996.34163331
2020;3;809640.18;735491.29;1367335.14;1/03/2020;585740.721999883;531250.375285378;847106.044687547;431550.32689704;225283.15448435;769643.60199275;360820.06821412;189939.59351469;620098.18363735
2020;4;453153.09;329134.18;834366.52;1/04/2020;587150.066937808;533222.00286016;847972.195869183;412367.28525375;208592.42592891;773238.1365179;365046.82256931;182359.345737;638206.9723636
2020;5;170292.5;415805.82;691066.44;1/05/2020;588559.411018474;535193.630202367;848838.349074156;495260.67204583;246972.91754388;813453.49089448;357386.32850686;180681.48311124;625281.64182385
2020;6;415672.19;683322.72;1066148.05;1/06/2020;589968.750688723;537165.257620968;849704.500768895;428549.87268032;218353.17508182;821246.56603861;361687.17004949;180214.8583978;624351.79530584
2020;7;347541.59;451717.75;779930.57;1/07/2020;591378.094906603;539136.885032205;850570.652892937;417451.95678359;182837.4546756;743694.33487189;350992.75338743;180410.61329421;607198.1082124
2020;8;414416.34;547899.55;791258.19;1/08/2020;592787.436178802;541108.512430475;851436.80517871;347099.12737532;195121.47582816;689258.01277961;355520.55575482;183807.08729328;608991.05331739
2020;9;563742.5;591799.83;1021360.83;1/09/2020;594196.778802244;543080.139841864;852302.957222473;453090.97754397;251150.92116612;772558.06933708;349329.45100196;180799.12800122;621236.0350686
2020;10;733692.01;861840.54;891340.69;1/10/2020;595606.121088908;545051.767245154;853169.109384345;385873.82913315;206458.47719428;776058.37590876;351322.06748984;179806.06900711;633894.96400969
2020;11;570262.17;696600.14;1152909.51;1/11/2020;597015.463256306;547023.394652149;854035.261538066;385047.07939906;188132.56524174;737122.00800628;344004.29361618;175513.32769615;618384.23972859
2020;12;777450.55;780347.28;1050560.83;1/12/2020;598424.805649949;548995.022057981;854901.413661576;319794.18238318;175691.17264064;723841.82017203;359063.15353041;188987.7098525;632172.71082271
